{
  "argmax_ucb": {
    "rmse_median": 0.10952799281482148,
    "rmse_ci_lo": 0.09323120052545686,
    "rmse_ci_hi": 0.11366065751775674,
    "raw": [
      0.11029523621209893,
      0.1165633734168576,
      0.11142188962602434,
      0.12427603656918111,
      0.12267008144037503,
      0.10735140868513457,
      0.07436597012931488,
      0.11351966829022488,
      0.10877135482642897,
      0.09146046623898284,
      0.09751722278447071,
      0.11028463080321398,
      0.11428384082026898,
      0.08890046903820421,
      0.08989828332984169,
      0.10191677074135849,
      0.11891517135051628,
      0.11609638634334259,
      0.11293208220228818,
      0.07949804555777439,
      0.1198199708493506,
      0.0869261336701555,
      0.08701452311298684,
      0.09323120052545686,
      0.08138367063462212,
      0.11410085696734151,
      0.08146361409066301,
      0.1138016467452886,
      0.12777425030568346,
      0.06882956422445219
    ]
  },
  "softmax": {
    "rmse_median": 0.12400225771067488,
    "rmse_ci_lo": 0.11143000188154807,
    "rmse_ci_hi": 0.13857792897196378,
    "raw": [
      0.12432227320224776,
      0.1253917631441738,
      0.1373504510903283,
      0.12233097722178188,
      0.10501676662191152,
      0.15491508176883967,
      0.10543651056623611,
      0.12957213025385242,
      0.08732173355110909,
      0.11742349319686003,
      0.09513592312328281,
      0.12590011229516157,
      0.12324653158134553,
      0.08040521634413364,
      0.17080877790219878,
      0.15830128068271415,
      0.07343917284517408,
      0.18538555850228072,
      0.1047397962335236,
      0.1699832740119624,
      0.14927763796952337,
      0.10365750795985122,
      0.12062711288714661,
      0.1475402940931662,
      0.0987361055117367,
      0.18029086582445672,
      0.12368224221910201,
      0.15018063233044618,
      0.20457046262678563,
      0.08358308972736363
    ]
  },
  "epsilon_greedy": {
    "rmse_median": 0.10146500920524966,
    "rmse_ci_lo": 0.09032048316738342,
    "rmse_ci_hi": 0.11617275837531807,
    "raw": [
      0.09977916993319906,
      0.13204675105714275,
      0.08467287724869639,
      0.09285162800058662,
      0.1762697719134355,
      0.0727658590561332,
      0.09878326494946371,
      0.10116720408480061,
      0.15863611385088444,
      0.07407666857236678,
      0.0858552569442822,
      0.11624587286158129,
      0.19096239755195546,
      0.11518109649877345,
      0.08624417723368616,
      0.11933359556601518,
      0.0993089719877344,
      0.13169406949650914,
      0.16567896937076937,
      0.10363269622638228,
      0.10176281432569871,
      0.10703179870751298,
      0.08377401382670156,
      0.07410201352771335,
      0.0760384775192585,
      0.08778933833418022,
      0.11609964388905486,
      0.16746518301986574,
      0.06506885555237941,
      0.15258527129663577
    ]
  },
  "wilcoxon": {
    "argmax_ucb_vs_softmax": {
      "W": 59.0,
      "p_value": 0.0001528710126876831
    },
    "argmax_ucb_vs_epsilon_greedy": {
      "W": 183.0,
      "p_value": 0.31839608028531075
    },
    "softmax_vs_epsilon_greedy": {
      "W": 148.0,
      "p_value": 0.08406547829508781
    }
  }
}