{
  "kappa_0.0": {
    "kappa": 0.0,
    "rmse_median": 0.25574237455831866,
    "rmse_ci_lo": 0.23648680129235225,
    "rmse_ci_hi": 0.2815679137161503,
    "raw": [
      0.2923412255487932,
      0.2362304826970151,
      0.23599036896928222,
      0.287077812954362,
      0.29117781351919914,
      0.2908784813948527,
      0.2807149503167687,
      0.2802375700303891,
      0.23804336556783984,
      0.23214228260300276,
      0.2820161856180572,
      0.2367431198876894,
      0.21386188787150145,
      0.28236696227273395,
      0.2084015367415626,
      0.2252401776291006,
      0.23960665174614987,
      0.28111964181424337,
      0.2451426007137416,
      0.23343495542376522,
      0.2085763391499924,
      0.2678417458838452,
      0.24156725420400574,
      0.2889596827914922,
      0.2149992477059716,
      0.28343937949154835,
      0.28233424714057137,
      0.21162117014321918,
      0.2663421484028957,
      0.2823765878331606
    ]
  },
  "kappa_0.5": {
    "kappa": 0.5,
    "rmse_median": 0.20968606553641914,
    "rmse_ci_lo": 0.208316348548342,
    "rmse_ci_hi": 0.23099572173295485,
    "raw": [
      0.20569342733784027,
      0.20753837010305376,
      0.2100118991821131,
      0.235007217233624,
      0.2043327518692765,
      0.20825135588330193,
      0.26545120056757565,
      0.28657757441536963,
      0.21265085705135806,
      0.2087943470063984,
      0.2059808514337951,
      0.20926000430182043,
      0.22907769847750692,
      0.19813650095919985,
      0.23091098009741085,
      0.2823479472744011,
      0.20936023189072517,
      0.22983827740420393,
      0.2075675775736124,
      0.20585332682606955,
      0.23108046336849883,
      0.28025929077226247,
      0.23211532278421648,
      0.20561781351345076,
      0.20841394673406413,
      0.20838134121338206,
      0.23336800436359173,
      0.23218977621321066,
      0.2064583273153886,
      0.28616911307522747
    ]
  },
  "kappa_1.0": {
    "kappa": 1.0,
    "rmse_median": 0.12458799659886852,
    "rmse_ci_lo": 0.10869629074101463,
    "rmse_ci_hi": 0.18622358119467594,
    "raw": [
      0.2179476159575647,
      0.2323628167876561,
      0.13061424527750157,
      0.18622358119467594,
      0.09954310703648281,
      0.2315361346252259,
      0.1880073026406598,
      0.1932760598544115,
      0.09326338438241184,
      0.10098409015386087,
      0.10493556424698351,
      0.23447888213700355,
      0.12666505796222105,
      0.18438049941760298,
      0.1129274083144241,
      0.06666614347914665,
      0.10292465461715569,
      0.20935656479395542,
      0.08626824901967423,
      0.10607535870219593,
      0.11386175152945326,
      0.18853086115261317,
      0.13082004808238584,
      0.11131722277983332,
      0.20855388008960452,
      0.11736298573376927,
      0.09861732400216579,
      0.22096559731110996,
      0.100596879127355,
      0.12251093523551597
    ]
  },
  "kappa_1.5": {
    "kappa": 1.5,
    "rmse_median": 0.10952799281482148,
    "rmse_ci_lo": 0.09323120052545686,
    "rmse_ci_hi": 0.11366065751775674,
    "raw": [
      0.11029523621209893,
      0.1165633734168576,
      0.11142188962602434,
      0.12427603656918111,
      0.12267008144037503,
      0.10735140868513457,
      0.07436597012931488,
      0.11351966829022488,
      0.10877135482642897,
      0.09146046623898284,
      0.09751722278447071,
      0.11028463080321398,
      0.11428384082026898,
      0.08890046903820421,
      0.08989828332984169,
      0.10191677074135849,
      0.11891517135051628,
      0.11609638634334259,
      0.11293208220228818,
      0.07949804555777439,
      0.1198199708493506,
      0.0869261336701555,
      0.08701452311298684,
      0.09323120052545686,
      0.08138367063462212,
      0.11410085696734151,
      0.08146361409066301,
      0.1138016467452886,
      0.12777425030568346,
      0.06882956422445219
    ]
  },
  "kappa_2.0": {
    "kappa": 2.0,
    "rmse_median": 0.10039818716210454,
    "rmse_ci_lo": 0.09401738358183291,
    "rmse_ci_hi": 0.11059099748810833,
    "raw": [
      0.12712909772452777,
      0.17635705428843482,
      0.09764108043230371,
      0.10304101657553577,
      0.07105995545349385,
      0.09334004496548376,
      0.09078916276856241,
      0.09993576989962716,
      0.16016719923975625,
      0.09761902392086942,
      0.0665808038431033,
      0.13139675495243403,
      0.11046618019000266,
      0.09469472219818206,
      0.1628154966004903,
      0.056132873440171295,
      0.11635846290945172,
      0.09786741971892704,
      0.08732808136173413,
      0.1478151940813558,
      0.08822196530476042,
      0.08725889161260998,
      0.11796460650053779,
      0.10591654893607916,
      0.10086060442458192,
      0.11745616309708365,
      0.10478727829064545,
      0.110715814786214,
      0.06681249211609706,
      0.06805554922968471
    ]
  },
  "kappa_3.0": {
    "kappa": 3.0,
    "rmse_median": 0.10899302393932937,
    "rmse_ci_lo": 0.10232212925662244,
    "rmse_ci_hi": 0.11626957477171332,
    "raw": [
      0.14163364759168748,
      0.09016972381943619,
      0.10936000410070013,
      0.08101666515674327,
      0.11036022437911026,
      0.08535875514315899,
      0.10758588297600356,
      0.11334812791575208,
      0.14435496395554914,
      0.10634908147433311,
      0.1264644420556147,
      0.10232212925662244,
      0.10862604377795862,
      0.07052077048293504,
      0.09688510874502636,
      0.09128363812773932,
      0.1054488750079178,
      0.1429539122131867,
      0.09698231374380789,
      0.11393139397988945,
      0.16105764806793266,
      0.10396777488932259,
      0.08327685897427228,
      0.13096557269821088,
      0.11439562105020751,
      0.09087729850961426,
      0.1364284401703877,
      0.12599205666177046,
      0.11814352849321912,
      0.12614822955966482
    ]
  },
  "kappa_5.0": {
    "kappa": 5.0,
    "rmse_median": 0.12385100404180245,
    "rmse_ci_lo": 0.10731420900750074,
    "rmse_ci_hi": 0.1308710177123561,
    "raw": [
      0.13310137017536072,
      0.1408803705059753,
      0.11775771797057712,
      0.16769292822904594,
      0.14194060451452006,
      0.18046446788869894,
      0.10921163230158888,
      0.10480729094319344,
      0.12901084460911202,
      0.10238726668108432,
      0.08566263528044062,
      0.1280567007333944,
      0.1577450089519941,
      0.16674674205260107,
      0.10461042541114106,
      0.13919016738563267,
      0.12647282819593814,
      0.1054167857134126,
      0.11615233197085473,
      0.10535348081016822,
      0.09065290305401306,
      0.13273119081560017,
      0.12381242978149996,
      0.09464975649466884,
      0.12373178682578068,
      0.12584513020092916,
      0.14641754497913434,
      0.12388957830210494,
      0.09341184597912001,
      0.08364730974824257
    ]
  }
}