{
  "random": {
    "rmse_median": 0.12659392308027015,
    "rmse_ci_lo": 0.12040111927547203,
    "rmse_ci_hi": 0.14114052065187813,
    "raw": [
      0.1465520889182741,
      0.14648849513533818,
      0.08181306479529918,
      0.13437583340387776,
      0.12815889140292247,
      0.16515392516385216,
      0.06602352255208956,
      0.17551411033821607,
      0.12257457036851188,
      0.12356804196385093,
      0.12502895475761783,
      0.12897244286318646,
      0.08576816645127021,
      0.12501697521150554,
      0.11858630959130195,
      0.144703467238942,
      0.11327645819909786,
      0.08922133699894481,
      0.17065701409560763,
      0.11723419658709312,
      0.14113472602355837,
      0.08469915790908587,
      0.08089107309261137,
      0.17401118284424208,
      0.1701561159599732,
      0.1422343562339186,
      0.14159829628913942,
      0.1371252690300538,
      0.08567932244007691,
      0.12413006106547136
    ]
  },
  "greedy": {
    "rmse_median": 0.25574237455831866,
    "rmse_ci_lo": 0.23648680129235225,
    "rmse_ci_hi": 0.2815679137161503,
    "raw": [
      0.2923412255487932,
      0.2362304826970151,
      0.23599036896928222,
      0.287077812954362,
      0.29117781351919914,
      0.2908784813948527,
      0.2807149503167687,
      0.2802375700303891,
      0.23804336556783984,
      0.23214228260300276,
      0.2820161856180572,
      0.2367431198876894,
      0.21386188787150145,
      0.28236696227273395,
      0.2084015367415626,
      0.2252401776291006,
      0.23960665174614987,
      0.28111964181424337,
      0.2451426007137416,
      0.23343495542376522,
      0.2085763391499924,
      0.2678417458838452,
      0.24156725420400574,
      0.2889596827914922,
      0.2149992477059716,
      0.28343937949154835,
      0.28233424714057137,
      0.21162117014321918,
      0.2663421484028957,
      0.2823765878331606
    ]
  },
  "ucb": {
    "rmse_median": 0.10952799281482148,
    "rmse_ci_lo": 0.09323120052545686,
    "rmse_ci_hi": 0.11366065751775674,
    "raw": [
      0.11029523621209893,
      0.1165633734168576,
      0.11142188962602434,
      0.12427603656918111,
      0.12267008144037503,
      0.10735140868513457,
      0.07436597012931488,
      0.11351966829022488,
      0.10877135482642897,
      0.09146046623898284,
      0.09751722278447071,
      0.11028463080321398,
      0.11428384082026898,
      0.08890046903820421,
      0.08989828332984169,
      0.10191677074135849,
      0.11891517135051628,
      0.11609638634334259,
      0.11293208220228818,
      0.07949804555777439,
      0.1198199708493506,
      0.0869261336701555,
      0.08701452311298684,
      0.09323120052545686,
      0.08138367063462212,
      0.11410085696734151,
      0.08146361409066301,
      0.1138016467452886,
      0.12777425030568346,
      0.06882956422445219
    ]
  },
  "wilcoxon_ucb_vs_random": {
    "W": 76.0,
    "p_value": 0.0007978975772857666
  },
  "wilcoxon_ucb_vs_greedy": {
    "W": 0.0,
    "p_value": 1.862645149230957e-09
  },
  "wilcoxon_random_vs_greedy": {
    "W": 0.0,
    "p_value": 1.862645149230957e-09
  }
}